SITC Revision 1 Product Code,SITC Revision 1 Product Description,BEC Product Code,BEC Product Description
0015,"Horses, asses, mules and hinnies",7,Goods not elsewhere specified
7351,Warships of all kinds,7,Goods not elsewhere specified
89293,"Unissued postage stamps, banknotes, simil. docum.",7,Goods not elsewhere specified
89998,Parachutes,7,Goods not elsewhere specified
89999,"Catapults and sim. aircraft launching gear, etc.",7,Goods not elsewhere specified
9110,Postal packages,7,Goods not elsewhere specified
9310,Special transactions,7,Goods not elsewhere specified
9410,"Animals, n.e.s.",7,Goods not elsewhere specified
95101,Armoured fighting vehicles,7,Goods not elsewhere specified
95102,"Artillery weapons, mach. guns and arms, n.e.s.",7,Goods not elsewhere specified
95103,Parts of military ordnance,7,Goods not elsewhere specified
95104,Sidearms and parts thereof,7,Goods not elsewhere specified
95105,Revolvers and pistols,7,Goods not elsewhere specified
95106,"Projectiles and ammunition, n.e.s.",7,Goods not elsewhere specified
9610,"Coin other than gold ,not being legal tender",7,Goods not elsewhere specified
0440,"Maize (corn), unmilled",21,Primary
0452,"Oats, unmilled",21,Primary
08111,"Cereals straw & husks, unprepared",21,Primary
08112,"Fodder roots, hay, lupines, vetches & similar prod",21,Primary
08119,Vegetable prod. of a kind used for animal food,21,Primary
0812,"Bran, pollard, sharps & other by products",21,Primary
08191,Coffee husks & skins,21,Primary
08192,"Cocoa shells, husks, skins and waste",21,Primary
08193,"Beet pulp, bagasse and such wastes",21,Primary
08194,Wine lees; argol,21,Primary
1210,"Tobacco, unmanufactured & scrap",21,Primary
2111,Bovine & equine hides excl. Calf & kip skins,21,Primary
2112,Calf skins and kip skins,21,Primary
2114,Goat skins and kid skins,21,Primary
2116,"Sheep and lamb skins, with the wool on",21,Primary
2117,"Sheep and lamb skins, without the wool",21,Primary
2118,Waste & used leather,21,Primary
2119,"Hides & skins, n.e.s.",21,Primary
2120,"Fur skins, undressed",21,Primary
2215,Linseed,21,Primary
2217,Castor oil seed,21,Primary
2311,Natural rubber and similar natural gums,21,Primary
2314,Waste & scrap of unhardened rubber,21,Primary
2421,"Pulpwood, including broadleaved",21,Primary
24221,"Sawlogs & veneer logs, in the rough conifer",21,Primary
24222,"Sawlogs & veneer logs, roughly squared conifer",21,Primary
24231,"Sawlogs & veneer logs, in the rough non conifer",21,Primary
24232,"Sawlogs & veneer logs, roughly squared non conifer",21,Primary
2424,Pitprops,21,Primary
2429,"Poles, piling, posts & other wood in the rough.",21,Primary
24401,"Cork, unworked, crushed, granulated; waste cork",21,Primary
2511,Paper waste and old paper,21,Primary
2611,Silk worm cocoons suitable for reeling,21,Primary
2612,Unreelable cocoons and cocoons wastes,21,Primary
2621,"Sheeps and lambs wool, greasy or fleece washed",21,Primary
2622,"Sheeps and lambs wool, degreased",21,Primary
2623,"Fine animal hair, ex. wool not carded or combed",21,Primary
26251,"Horsehair & other coarse hair, not carded/combed",21,Primary
26259,"Other coarse hair, not carded or combed",21,Primary
2629,"Waste of wool and of other animal hair, n.e.s",21,Primary
2631,"Raw cotton, other than linters",21,Primary
2632,Cotton linters,21,Primary
2633,"Cotton waste, not carded or combed",21,Primary
2640,Jute & waste,21,Primary
2651,Flax and flax tow and waste,21,Primary
2652,True hemp and true hemp tow and waste,21,Primary
2653,Ramie and ramie noils & waste,21,Primary
2654,Sisal and other fibres of the agave family,21,Primary
2655,Manila fibre and manila tow and waste,21,Primary
2658,"Vegetable textile fibres, n.e.s. and waste",21,Primary
26701,Old clothing & other textile waste imported,21,Primary
26702,"Used or new rags, scrap cordage or worm out art.",21,Primary
2711,Natural fertilizers of anim./veget. Origin,21,Primary
2712,Natural sodium nitrate,21,Primary
2713,"Natural phosphates, whether or not ground",21,Primary
2714,"Natural potassic salts, crude",21,Primary
27311,Slate,21,Primary
27312,Marble and other calcareous monu. or build. Stone,21,Primary
27313,"Granite, porphyry, sandstone, etc.",21,Primary
27321,Gypsum and plasters,21,Primary
27322,Limestone flux & calcer. stone used for lime,21,Primary
2733,Sand excluding metal bearing sand,21,Primary
2734,Gravel & crushed stone,21,Primary
2741,"Sulphur, not sublimed, precipitd or colloidal",21,Primary
2742,"Iron pyrites, unroasted",21,Primary
2751,Industrial diamonds,21,Primary
27521,Dust & powder of mat./synth. precious semi stone,21,Primary
27522,"Infusorial earths, etc.",21,Primary
27523,"Pumice stone, emery, nat. corundum & mat. abrasives",21,Primary
2761,Natural asphalt & natural bitumen,21,Primary
27621,"Clay and similar refractory materials, n.e.s.",21,Primary
27622,Natural graphite,21,Primary
27623,Dolomite,21,Primary
27624,Magnesite,21,Primary
2763,Salt,21,Primary
2764,"Asbestos, crude, washed or ground",21,Primary
27651,Natural quartz and quartzite,21,Primary
27652,Mica (incl. splitings and waste ),21,Primary
27653,"Cryolite and chiolite, natural",21,Primary
27654,"Felspar, fluorspar, etc.",21,Primary
27661,"Slag, dross, scalings & sim. waste of iron/steel",21,Primary
27662,"Slag and ash, n.e.s.(incl. kelp)",21,Primary
27691,Chalk,21,Primary
27692,"Earth colours, etc.",21,Primary
27693,Natural barium sulphate & barium carbonate,21,Primary
27694,"Meerschaum, amber, jet",21,Primary
27695,Natural steatite; talc,21,Primary
27696,Natural arsenic sulphides,21,Primary
27697,Crude natural borates,21,Primary
27699,"Mineral substances, n.e.s.",21,Primary
2813,Iron ore & concentrates ex roasted iron pyrites,21,Primary
2814,Roasted iron pyrites,21,Primary
2820,Iron & steel scrap,21,Primary
28311,Ores and concentrates of copper,21,Primary
28312,Copper matte,21,Primary
28321,Ores & concentrates of nickel,21,Primary
28322,Nickel/speis matte & other intermediate prod.,21,Primary
2833,Bauxite and concentrates of aluminium,21,Primary
2834,Ores and concentrates of lead,21,Primary
2835,Ores and concentrates of zinc,21,Primary
2836,Ores and concentrates of tin,21,Primary
2837,Ores and concentrates of manganese,21,Primary
28391,Ores & concentrates of chromium,21,Primary
28392,Ores & concentrates of tungsten,21,Primary
28393,"Ores & conc. of titanium, vanadium, molybdem, etc.",21,Primary
28399,Other ores & conc. of non-ferrous base metals.,21,Primary
28401,Ash and residues bearing non ferrous metals,21,Primary
28402,Copper waste and scrap,21,Primary
28403,Nickel waste and scrap,21,Primary
28404,Aluminium waste and scrap,21,Primary
28405,Magnesium waste and scrap,21,Primary
28406,Lead waste and scrap,21,Primary
28407,Zinc waste and scrap,21,Primary
28408,Zinc dust (blue powder),21,Primary
28409,Tin waste and scrap,21,Primary
28501,"Ores & conc. of silver, platinum, etc.",21,Primary
28502,"Waste & sweepings of silver, platinum group met.",21,Primary
2860,Ores & concentrates of uranium & thorium,21,Primary
29111,Bones and horn cores and their wastes,21,Primary
29112,"Horn, antlers, whalebone, etc. and their wastes",21,Primary
29113,Ivory and waste,21,Primary
29114,Tortoise shell and waste,21,Primary
29115,Coral and shells and their wastes,21,Primary
29191,"Human hair, unworked; waste of human hair",21,Primary
29192,Bristles and brush making hair & their wastes,21,Primary
29193,"Guts, bladders & stomachs of animals(non fish)",21,Primary
29194,Fish waste,21,Primary
29195,Waste of raw hides and skins,21,Primary
29196,"Birds"" feathers, etc.",21,Primary
29197,Natural sponges,21,Primary
29198,"Ambergris, civet, musk, etc.",21,Primary
29199,"Other materials of animal origin, n.e.s.",21,Primary
2921,Plants used in dyeing & tanning,21,Primary
2922,"Natural gums, resins, balsam and lacs",21,Primary
2923,Vegetable materials used for plaiting,21,Primary
2924,"Plants, seeds, flowers used in perfumery/pharmac.",21,Primary
2925,"Seeds, fruit & spores for planting",21,Primary
29261,"Bulbs, tubers, corms, crowns and rhizomes",21,Primary
29269,"Live plants, n.e.s.",21,Primary
29291,"Veg. saps, extracts, pectic subst. diriv. from veg.",21,Primary
29292,Veg.mat. used primarily as stuffing or padding,21,Primary
29293,Veg.mat. used primarily in brushes or brooms,21,Primary
29294,"Seeds, nuts, etc. used for carving",21,Primary
29299,"Other materials of vegetable origin, n.e.s.",21,Primary
3217,Peat briquettes & peat,21,Primary
6671,"Pearls, not set or strung",21,Primary
6672,"Diamonds, not industrial, not set or strung",21,Primary
6673,Other precious & semi precious stones not set,21,Primary
7358,"Ships, boats and other vessels for breaking up",21,Primary
0813,Oil seed cake & meal & other veg. Oil residues,22,Processed
0814,"Meat & fish meal, unfit for human consumption",22,Processed
08199,Sweetened forage; prep. used in animal feeding,22,Processed
2312,Synthetic rubber and rubber substitutes,22,Processed
2313,Reclaimed rubber,22,Processed
2431,Railway sleepers ties,22,Processed
24321,"Lumber, sawn lengthwise, etc. Conifer",22,Processed
24322,"Lumber, planed, tongued, grooved, etc. Conifer",22,Processed
24331,"Lumber, sawn lengthwise ,etc. non conifer",22,Processed
24332,"Lumber, planed, tongued, grooved, etc., non conifer",22,Processed
24402,"Cork in blocks, plates, sheets or strips, etc.",22,Processed
2512,Mechanical wood pulp,22,Processed
2515,Pulp other than wood pulp,22,Processed
2516,"Chemical wood pulp, dissolving grades",22,Processed
25171,"Sulphate wood pulp, unbleached",22,Processed
25172,"Sulphate wood pulp, bleached, not dissolving",22,Processed
25181,"Sulphite wood pulp, unbleached",22,Processed
25182,"Sulphite wood pulp, bleached, not dissolving",22,Processed
2519,Semi chemical wood pulp,22,Processed
2613,"Raw silk, not thrown",22,Processed
2626,Wool shoddy,22,Processed
2627,"Wool or anim. Hair, carded or combed, ex. Tops",22,Processed
2628,Wool tops,22,Processed
2634,"Cotton, carded or combed",22,Processed
26621,Discont. Synth. Fibres not carded or combed,22,Processed
26622,Cont. Filament tow for manuf. discon. syn. fibres,22,Processed
26623,Discont. synth. fibres or waste carded or combed,22,Processed
26631,"Discont  regener. Fibres, not carded or combed",22,Processed
26632,Cont filament tow for manuf. discon. regen. fibre,22,Processed
26633,Discont regen. fibres or waste carded or combed,22,Processed
2664,Waste of synthetic or regenerated fibres,22,Processed
33261,Petroleum jelly (petrolatum),22,Processed
33262,Mineral waxes,22,Processed
33291,"Non lubricating oils, n.e.s.",22,Processed
33292,Pitch obtained from coal tar or from other tars,22,Processed
33293,Pitch coke,22,Processed
33294,Petroleum coke,22,Processed
33295,Petr. bitumen & other petrol.& shale oil resid.,22,Processed
33296,"Bituminous mixt. based on asphalt, petroleum, etc.",22,Processed
41132,"Fats, unrendered, of bovine cattle sheeps tallow",22,Processed
41133,"Lard stearin and lard oil, etc.",22,Processed
41134,"Wool grease, etc. (incl. lanolin)",22,Processed
41135,Degras,22,Processed
41139,"Animal oils and fats, n.e.s.",22,Processed
4221,Linseed oil,22,Processed
4225,Castor oil,22,Processed
4229,"Fixed vegetable oils, n.e.s.",22,Processed
4311,"Anim./veget. oils, boiled, oxidized, dehydrated",22,Processed
43131,Fatty acids; acid oils from refining,22,Processed
43132,Residues from the treatment of fatty substances,22,Processed
43141,Spermaceti,22,Processed
43142,Beeswax and other insect waxes,22,Processed
43143,Vegetable waxes,22,Processed
51211,Styrene,22,Processed
51212,Other hydrocarbons,22,Processed
51213,Halogenated derivatives of hydrocarbons,22,Processed
51214,Other derivatives of hydrocarbons,22,Processed
51221,Methyl alcohol /methanol/,22,Processed
51222,Other acyclic alcohols and derivatives,22,Processed
51223,Cyclic alcohols and derivatives,22,Processed
51224,"Ethyl alcohol, undenatured and den. spirits",22,Processed
51225,Fatty alcohols,22,Processed
51226,Glycerol and glycerol lyes,22,Processed
51227,Phenols and phenol alcohols,22,Processed
51228,Derivatives of phenols or phenol alcohols,22,Processed
51231,"Ethers, ether/alcohols/phenols/peroxides & derivative.",22,Processed
51232,Epoxides/alcohols/phenols/ethers and derivative,22,Processed
51233,"Acetals, hemiacetals and derivatives",22,Processed
51241,Oxygen function aldehydes,22,Processed
51242,Derivatives of oxygen function aldehydes,22,Processed
51243,"Ketones, quinones and derivatives",22,Processed
51251,Monoacids and derivatives,22,Processed
51252,Polyacids and derivatives,22,Processed
51253,Oxygen function acids and derivatives,22,Processed
51261,"Sulphuric esters, their salts and derivatives",22,Processed
51262,Nitrous & nitric esters and derivatives,22,Processed
51263,"Phosphoric esters, their salts and derivatives",22,Processed
51264,"Carbonic esters, their salts and derivatives",22,Processed
51269,"Other inorg. Esters, their salts and derivat.",22,Processed
51271,Amine function compounds,22,Processed
51272,Oxygen function amino compounds,22,Processed
51273,Quaternary ammonium salts and hydroxides,22,Processed
51274,Amide function compounds,22,Processed
51275,Imide and imine function compounds,22,Processed
51276,Nitrile function compounds,22,Processed
51277,"Diazo ,azo and azoxy compounds",22,Processed
51278,Organic derivatives of hydrazine/hydroxylamine,22,Processed
51279,Compounds with other nitrogen functions,22,Processed
51281,Organo sulphur compounds,22,Processed
51282,Organo arsenic compounds,22,Processed
51283,Organo mercury compounds,22,Processed
51284,Other organo inorganic compounds,22,Processed
51285,Heterocyclic compounds (incl. nucleic acids),22,Processed
51286,Sulphonamides,22,Processed
51287,Sultones and sultams,22,Processed
51291,Enzymes,22,Processed
51292,"Sugars, chem. pure excl. sucrose glucose lactose",22,Processed
51299,Other organic compounds,22,Processed
51311,Oxygen,22,Processed
51312,Nitrogen,22,Processed
51313,Hydrogen and rare gases,22,Processed
51321,Chlorine,22,Processed
51322,Other halogens,22,Processed
51323,"Sulphur, sublimed or precipitated; colloidal sul.",22,Processed
51324,"Metalloids, n.e.s.",22,Processed
51325,Mercury,22,Processed
51326,"Alkali, alkaline earth & rare earth metals",22,Processed
51327,"Carbon black, etc.",22,Processed
51328,Gas carbon,22,Processed
51331,Hydrochloric and chlorosulphonic acids,22,Processed
51332,Sulphur dioxide,22,Processed
51333,"Sulphuric acid, oleum",22,Processed
51334,Nitric acid; sulphonitric acids,22,Processed
51335,Phosphorous pentoxide and phosphoric acids,22,Processed
51336,"Arsenic trioxide, ars. pentoxide & acids of ars.",22,Processed
51337,Boric oxide and boric acid,22,Processed
51339,Other inorganic acids & oxygen compounds,22,Processed
51341,"Halides, oxyhalides & other halogen compounds",22,Processed
51342,Sulphides of non metals or of metalloids,22,Processed
51351,Zinc oxide and peroxide,22,Processed
51352,Manganese oxides,22,Processed
51353,Iron oxides and hydroxides,22,Processed
51354,Cobalt oxides and hydroxides,22,Processed
51355,Titanium oxides,22,Processed
51356,Lead oxides,22,Processed
51361,"Ammonia, anhydrous or in aqueous solution",22,Processed
51362,Caustic soda (sodium hydroxide),22,Processed
51363,Caustic potash; peroxides of potassium / sodium,22,Processed
51364,"Oxides, hydroxides & perox. of strontium, barium",22,Processed
51365,Aluminium oxide and hydroxide,22,Processed
51366,Artificial corundum,22,Processed
51367,Chromium oxides and hydroxides,22,Processed
51368,Tin oxides,22,Processed
51369,Other inorganic bases & metallic oxides/hydrox.,22,Processed
51411,"Fluorides, fluorosilicates, fluorborates, etc",22,Processed
51412,Chlorides and oxychlorides,22,Processed
51413,Chlorites and hypochlorites,22,Processed
51414,Chlorates and perchlorates,22,Processed
51415,"Bromides, oxybr., bromates & perbro, hypobromites",22,Processed
51416,"Iodides, oxyiodides, iodates and periodates",22,Processed
51421,Sulphides (incl. polysulphides),22,Processed
51422,Diothionites ; sulphoxylates,22,Processed
51423,Sulphites and thiosulphates,22,Processed
51424,Sulphates (incl. alums)and persulphates,22,Processed
51425,Nitrites and nitrates,22,Processed
51426,"Phosphites, hypophosphites and phosphates",22,Processed
51427,Arsenites and arsenates,22,Processed
51428,Neutral sodium carbonate (soda ash),22,Processed
51429,Other carbonates and percarbonates,22,Processed
51431,Cyanides and complex cyanides,22,Processed
51432,Fulminates and cyanates,22,Processed
51433,Silicates,22,Processed
51434,Borates and perborates,22,Processed
51435,Salts of metallic acids,22,Processed
51436,Other salts & peroxysalts of inorganic acids,22,Processed
51437,Colloidal precious metals & compounds org/inorg,22,Processed
51491,Liquid air,22,Processed
51492,Hydrogen peroxide,22,Processed
51493,Phosphides,22,Processed
51494,Calcium carbide,22,Processed
51495,Other carbides,22,Processed
51496,"Hydrides, nitrides, azides, silicides and borides",22,Processed
51499,"Other inorganic compounds, n.e.s.",22,Processed
5151,Radioactive chem. elements & isotopes/comp. & mix.,22,Processed
5152,Stable isotopes and their compounds,22,Processed
5153,"Compounds & mixtures, n.e.s of thorium, uranium etc",22,Processed
5211,Mineral tar,22,Processed
5213,Ammoniacal gas liquors produced in gas purific.,22,Processed
5214,Oils & other prod. of the  distillation/coal tar,22,Processed
53101,Synthetic organic dyestuffs and natural indigo,22,Processed
53102,Colour lakes,22,Processed
5321,Dyeing extracts vegetable and animal,22,Processed
5323,Synthetic tanning materials,22,Processed
5324,Tanning extracts of vegetable origin,22,Processed
5325,Tannic acids tannins and derivatives,22,Processed
5331,"Colouring materials, n.e.s.",22,Processed
5332,Printing inks,22,Processed
53331,"Prepared pigments, opacifiers, enamels, glazes etc",22,Processed
53332,"Varnishes, lacquers, distempers, water pigments",22,Processed
53334,Prepared driers,22,Processed
53335,"Putty, painters fillings, etc",22,Processed
5411,Vitamins and provitamins,22,Processed
5413,Penicillin streptom. Tyrocidine & oth. Antibiot,22,Processed
5414,"Alkaloids of opium, cocaine, caffeine, quinine etc.",22,Processed
5415,Hormones,22,Processed
54161,Glycosides and their derivatives,22,Processed
54162,Organo therapeutic glands/organs & extracts,22,Processed
54163,"Bacterial products, sera, vaccines",22,Processed
54199,Other pharmaceutical goods,22,Processed
5511,Essential oils and resinoids,22,Processed
55121,Terpenic by products,22,Processed
55122,Conc. of essential oils in fats/fixed oils/waxes,22,Processed
55123,Mixt. of odoriferous substances used as raw.mat.,22,Processed
5542,Surface acting agents and washing preparations,22,Processed
5611,Nitrogenous fertilizers and materials n.e.s,22,Processed
56121,"Fertilizer, basic slag  thomas slag",22,Processed
56129,Other phosphatic fertilizers & fert. materials,22,Processed
5613,Potassic fertilizers and materials,22,Processed
5619,"Fertilizers, n.e.s.",22,Processed
57111,Propellant powders,22,Processed
57112,Other prepared explosives,22,Processed
57121,"Mining, blasting and safety fuses",22,Processed
57122,"Percussion & detonating caps, igniters/detonat.",22,Processed
5713,Pyrotechnical articles,22,Processed
5811,"Prods of condensation, polycond. & polyaddition",22,Processed
5812,Products of polymerization and copolymerization,22,Processed
58131,Vulcanized fibre,22,Processed
58132,Regenarated cellulose & chem. der. of cellulose,22,Processed
58191,Hardened proteines,22,Processed
58192,"Modified natural resins, ester gums, etc.",22,Processed
58199,Other artificial plastic materials,22,Processed
5992,"Insecticides, fungicides, disinfectants",22,Processed
59951,Starches and inulin,22,Processed
59953,"Casein, caseinates & cas. derivatives, cas. glues",22,Processed
59954,"Albumins, albuminates & albumin derivatives",22,Processed
59955,"Gelatin and gelatine derivatives, etc.",22,Processed
59956,Peptones & protein substances & their deriva.,22,Processed
59957,"Dextrin, soluble or roasted starches and glues",22,Processed
59959,Prepared glues,22,Processed
59961,Tall oil,22,Processed
59962,Concentrated sulphite lye,22,Processed
59963,"Spirits of turpentine, etc.",22,Processed
59964,"Rosin and resin acids, etc.",22,Processed
59965,"Wood tar, wood tar oils ,etc.",22,Processed
59966,"Vegetable pitch, etc",22,Processed
59971,Artificial waxes & prep.wax. not emulsified,22,Processed
59972,Artificial & colloidal graphite,22,Processed
59973,Animal black,22,Processed
59974,"Prepared glazings, dressings and mordants",22,Processed
59975,"Anti knock preparations, etc.",22,Processed
59976,Prepared rubber accelerators,22,Processed
59977,Prepared culture media,22,Processed
59978,Charges for fire extinguishers,22,Processed
59991,Modelling pastes & dental impression compounds,22,Processed
59992,Activated carbon & actv. nat. mineral products,22,Processed
59993,Ferro cerium & other pyrophoric  alloys,22,Processed
59994,Pickling preparations for metal surfaces.etc,22,Processed
59995,Composite varnish solvents and thinners,22,Processed
59999,Other chem. products and preparations,22,Processed
6112,Reconstituted and artificial leather,22,Processed
6113,Calf leather,22,Processed
6114,Leather of other bovine cattle & equine leather,22,Processed
61191,Leather of sheep and lamb skins,22,Processed
61192,Leather of goat and kid skins,22,Processed
61193,Chamois dressed leather,22,Processed
61194,Parchment dressed leather,22,Processed
61195,Patent and metallized leather,22,Processed
61199,Other leather,22,Processed
6123,"Uppers, legs & other prepared parts of footwear",22,Processed
6130,"Fur skins, tanned or dressed",22,Processed
62101,"Plates, sheets, of unvulcanized mat./synth. rubber",22,Processed
62102,Unvulcanized nat/synth. rubber in oth. form/state,22,Processed
62103,Vulcanized rubber thread and cord,22,Processed
62104,"Plates, sheets, strip of unhardened vulcanized r.",22,Processed
62105,Piping & tubing of unhard. vulcanized rubber,22,Processed
62106,"Hardened rubber in primary forms, scrap. powder",22,Processed
62999,"Articles of hardened rubber, n.e.s.",22,Processed
6311,Veneer sheets,22,Processed
63121,"Plywood etc and veneered panels, inlaid wood",22,Processed
63122,Cellular wood panels,22,Processed
63141,Improved wood,22,Processed
63142,Reconstituted wood  particle boards,22,Processed
63181,Wood paving blocks,22,Processed
63182,"Riven or sawn staves, unfinished (stavewood)",22,Processed
63183,"Hoopwood, chipwood, split, poles, piles, etc.",22,Processed
63184,Sticks suitable for shaping into tool handles,22,Processed
63185,"Drawn wood, match splints, etc",22,Processed
63186,Wood wool and wood flour,22,Processed
63187,"Wood beading, moulding, etc.",22,Processed
6321,"Boxes, cases, crates, complete",22,Processed
6322,Cooperage products,22,Processed
6324,Builders woodwork & prefab. Buildings of wood,22,Processed
63281,"Tools, handles, shoe lasts, etc. of wood",22,Processed
63282,"Spools, cops, bobbins, etc. of turned wood",22,Processed
63289,"Other articles of wood, n.e.s.",22,Processed
63301,Articles of natural cork,22,Processed
63302,Agglomerated cork and articles thereof,22,Processed
6411,Newsprint paper,22,Processed
64121,"Machine made printing & writing paper, uncoated",22,Processed
64122,"Machine made printing & writing paper, coated",22,Processed
6413,Kraft paper and kraft paperboard,22,Processed
6414,"Cigarette paper in bulk, rolls or sheets",22,Processed
6415,"Machine made paper & paperboard, simply fnshd",22,Processed
6416,Fibreboards & buildg brds of pulp or veg. fibre,22,Processed
6417,Handmade papers,22,Processed
64191,Parchment or greaseproof paper/board in rolls,22,Processed
64192,Composite paper/board in rolls or sheets,22,Processed
64193,"Corrugated, etc. paper/board in rolls or sheets",22,Processed
64194,Ruled or squared paper/board in rolls/sheets,22,Processed
64195,"Paper/board, impregnated, coated etc. in rol. she.",22,Processed
64196,Filterblocks of paper pulp,22,Processed
64197,Wallpaper and lincrusta,22,Processed
64211,Packing containers of paper or paperboard,22,Processed
64212,Filing containers of paper or paperboard,22,Processed
6423,"Exercise books, registers, abums, diaries etc",22,Processed
64291,Cigarette paper cut to size,22,Processed
64292,Carbon and other copying papers cut to size,22,Processed
64293,Other paper & paperboard cut to size,22,Processed
64294,"Bobbins, spools, cops, etc. of paper pulp, paper",22,Processed
64299,Other art. of paper/pulp/board/cellulose wadding,22,Processed
65111,Silk yarn not put up for retail sale,22,Processed
65112,Yarn spun from silk waste other than noil,22,Processed
65113,"Yarn spun from noil silk, not for retail sale",22,Processed
65115,Silk worm gut and imitation catgut of silk,22,Processed
65121,"Yarn carded sheeps lambs wool, not for retail",22,Processed
65122,"Yarn combed sheeps lambs wool, not for retail",22,Processed
65123,"Yarn fine anim hair, not put up for retail sale",22,Processed
65124,"Yarn horsehair or coarse anim hair, not retail",22,Processed
6513,"Cotton yarn & thread, grey, not mercerized",22,Processed
65141,"Cotton yarn & thread, bleached etc, not retail",22,Processed
65151,Flax or ramie yarn not put up for retail sale,22,Processed
65153,Yarn of true hemp,22,Processed
65161,"Yarn of continuous synth fibres, monofil etc.",22,Processed
65162,"Monofil, etc. of synthetic fibres",22,Processed
65164,Yarn of discontinuous or waste synth. Fibres,22,Processed
65171,"Yarn of contin  regen fibres, monofil, etc",22,Processed
65172,"Monofil, etc. of regenerated fibres",22,Processed
65174,Yarn of discontin or waste regenerated fibres,22,Processed
6518,Yarn of glass fibre,22,Processed
65191,Yarn of text. Fibres spun or covered with metal,22,Processed
65192,Yarn of jute,22,Processed
65193,Yarn of other vegetable textile fibres,22,Processed
65194,Paper yarn,22,Processed
65211,"Cotton gauze, unbleached",22,Processed
65212,"Terry fabrics of cotton, unbleached",22,Processed
65213,"Other cotton fabrics, woven unbleached",22,Processed
65221,"Cotton gauze, bleached, dyed, etc.",22,Processed
65222,"Terry fabrics of cotton, bleached, dyed, etc.",22,Processed
65223,Pile and chenille fabrics of cotton,22,Processed
65229,"Other cotton fabrics, woven, bleached, dyed, etc",22,Processed
65311,"Silk fabrics, woven, other than of noil silk",22,Processed
65312,"Fabrics, woven, of noil silk",22,Processed
65313,Pile and chenille fabrics of silk,22,Processed
65321,"Fabrics, woven, of wool or animal hair",22,Processed
65322,Pile & chenille fabrics of wool or an. hair,22,Processed
65331,"Fabrics, woven, of flax or of ramie",22,Processed
65332,"Fabrics, woven, of true hemp",22,Processed
6534,"Jute fabrics, woven",22,Processed
65351,"Fabrics, woven of continuous synthetic fibres",22,Processed
65352,"Fabrics, woven of discontinuous synthetic fibres",22,Processed
65353,Pile and chenille fabrics of synthetic fibres,22,Processed
65361,"Fabrics, woven, of continuous regenerated fibres",22,Processed
65362,"Fabrics, woven, of discontinuous regenr. Fibres",22,Processed
65363,Pile and chenille fabrics of regenerated fibr.,22,Processed
6537,Knitted or crochd fabrics not elast nor rubberd,22,Processed
6538,Fabrics of glass fibre,22,Processed
65391,"Fabrics, woven, of metal thread or of yarn",22,Processed
65392,"Fabrics, woven, of coarse animal hair not horse",22,Processed
65393,"Fabrics, woven, of horsehair",22,Processed
65394,"Fabrics, woven, of vegetable textile fibres n.e.s",22,Processed
65395,"Fabrics, woven, of paper yarn",22,Processed
65396,"Pile or chenille fabrics, n.e.s.",22,Processed
65401,Narrow fabrics other than woven labels/badges,22,Processed
65402,"Woven labels, badges, etc., not embroidered",22,Processed
65403,"Trimmings, tapes, etc., not elastic",22,Processed
65404,"Tulle and other net fabrics, plain",22,Processed
65405,Other tulle and net fabrics; lace,22,Processed
65406,Embroidery,22,Processed
6551,Felts and felt articles n.e.s.,22,Processed
65541,"Bonded fibre fabrics & articles thereof, n.e.s.",22,Processed
65542,Textile fabrics coated with gum or amylaceous,22,Processed
65543,Textile fabrics impregnated or coated w. cellul.,22,Processed
65544,Textile fabrics impr. or coated with oil,22,Processed
65545,Rubberized textile fabrics not knitted or croch,22,Processed
65546,Other impregnated or coated textile fabrics etc,22,Processed
6555,Elastic fabrics & trimmings of elastic,22,Processed
65561,"Cordage, cable, rope, twine",22,Processed
65562,"Nets and netting of cordage, etc.",22,Processed
65563,"Other articles of cordage, etc.",22,Processed
65571,Hat bodies of wool felt and fur felt,22,Processed
65572,Other hat bodies,22,Processed
65581,"Wadding and articles of wadding, etc.",22,Processed
65582,"Wicks of textile fabrics, gas mantle fabrics",22,Processed
6561,Bags and sacks of textile materials,22,Processed
6578,"Mats, matting, screens of vegetable plaiting mat.",22,Processed
6611,Lime,22,Processed
6612,Cement,22,Processed
66131,Paving and flagstones of natural stone,22,Processed
66132,Worked building or monumental stone,22,Processed
66133,Worked slate,22,Processed
66181,Articles of asphalt or of similar materials,22,Processed
66182,Building materials of vegetable substances,22,Processed
66183,Articles of asbestos cement or of fibre cement,22,Processed
66231,"Heat insulating bricks, etc. of infusorial earths",22,Processed
66232,"Other refractory bricks, etc.",22,Processed
66233,Refractory cements or mortars,22,Processed
66241,Building bricks,22,Processed
66242,"Roofing tiles, chimney pots and other ceramic",22,Processed
66243,"Ceramic piping, conduits and guttering",22,Processed
66244,"Unglazed ceramic setts, flags and tiles",22,Processed
66245,"Glazed ceramic setts, flags and tiles",22,Processed
66312,Grinding stones for use directly in hand,22,Processed
6632,Abrasive cloths and papers and similar art.,22,Processed
6634,Worked mica and articles thereof,22,Processed
6635,"Mineral insulating materials, n.e.s",22,Processed
66361,Articles of plaster,22,Processed
66362,"Articles of cement, of concrete or artf/.stone",22,Processed
66363,Other non-ceramic art. of mineral substances,22,Processed
6637,"Refractory products, no construction materials",22,Processed
66381,"Manuf. of asbestos, other than friction materials",22,Processed
66382,Friction materials of asbestos not mineral,22,Processed
66391,"Lab.& indus. ceramic wares, etc. not refractory",22,Processed
66392,"Other articles of ceramic materials ,n.e.s.",22,Processed
66411,"Glass, not optical & enamel in the mass, waste",22,Processed
66412,"Enamel glass in the mass, rods or tubes",22,Processed
66413,"Glass, unworked, in balls, rods or tubes",22,Processed
6642,Optical glass & elements thereof,22,Processed
6643,"Drawn or blown glass, unworked, in rectangles",22,Processed
6644,Glass in rectangles surface ground or polished,22,Processed
6645,"Cast or rolled glass, unworked, in rectangles",22,Processed
6646,"Bricks, tiles and construction mat. of glass",22,Processed
6647,"Safety glass, toughened or laminated",22,Processed
6648,"Sheet or plate glass, coated with metal mirrors",22,Processed
66491,"Cast, rolled, drawn or blown glass not rectangles",22,Processed
66492,"Glass envelopes for electric lamps, valves, etc",22,Processed
66493,"Clock and watch glasses, etc.",22,Processed
66494,"Glass fibre & articles made there from, n.e.s.",22,Processed
66511,"Commercial containers of glass, etc.",22,Processed
66512,Inners for vacuum vessels,22,Processed
66581,"Laboratory, hygienic or pharmaceutical glass",22,Processed
66582,Decorative glass small wares and ornaments,22,Processed
66589,Other articles of glass,22,Processed
6674,"Synthetic or reconstructed prec. stones, not set",22,Processed
6711,Spiegeleisen,22,Processed
6712,"Pig iron, including cast iron",22,Processed
67131,"Shot, angular grit & wire pellets of iron/steel",22,Processed
67132,Iron or steel powders,22,Processed
67133,Sponge iron or steel,22,Processed
6714,Ferro manganese,22,Processed
6715,Other ferro alloys,22,Processed
6721,Puddled bars & pilings & sim. forms of iron/ste.,22,Processed
67231,Ingots iron or steel not high carbon or alloy,22,Processed
67232,Ingots of high carbon steel,22,Processed
67233,Ingots of alloy steel,22,Processed
67251,Blooms etc iron or steel not high carb or alloy,22,Processed
67252,"Blooms, billets, slab of high carbon steel",22,Processed
67253,"Blooms, billets, slab of alloy steel",22,Processed
67271,Coils for rerolling iron steel not h.c. or all.,22,Processed
67272,Coils for re rolling of high carbon steel,22,Processed
67273,Coils for re rolling of alloy steel,22,Processed
6729,Blanks for tubes and pipes,22,Processed
67311,Wire rod iron steel not high carbon or alloy,22,Processed
67312,Wire rod of high carbon steel,22,Processed
67313,Wire rod of alloy steel,22,Processed
67321,"Bars rods, ex wire, iron steel not h.c. or all.",22,Processed
67322,Bars and rods of high carbon steel,22,Processed
67323,Bars and rods of alloy steel,22,Processed
67341,"Angles etc over 80mm, piling, not h.c. or all.",22,Processed
67342,"Angles, shapes, etc. of high carbon steel >80mm",22,Processed
67343,"Angles, shapes, etc. of alloy steel > 80 mm.",22,Processed
67351,"Angles etc under 80mm, not h. Carbon or alloy",22,Processed
67352,"Angles, shapes, etc. of high carbon steel <80mm",22,Processed
67353,"Angles, shapes, etc. of alloy steel",22,Processed
67411,Heavy plates etc iron steel not h.c. or alloy,22,Processed
67412,Heavy plates/sheets/universals of high car.ste.,22,Processed
67413,Heavy plates/sheets/universals of alloy steel,22,Processed
67414,Universals iron steel not h. Carbon or alloy,22,Processed
67421,Med. Plates 3 4.75mm ex tinned not h.c. or all.,22,Processed
67422,"Medium plates/sheets,3 4,75mm of high car.ste.",22,Processed
67423,"Medium plates/sheets,3 4,75mm of alloy steel",22,Processed
67431,Plates under 3mm uncoated not h.c. or alloy,22,Processed
67432,Plates/sheets <3mm of high carbon steel,22,Processed
67433,Plates/sheets <3mm of alloy steel,22,Processed
6747,Tinned plates and sheets,22,Processed
67481,Plates under 3mm coated ex tin not h.c. or all.,22,Processed
67482,Plates/sheets <3mm coated of high carbon steel,22,Processed
67483,Plates/sheets <3mm coated of alloy steel,22,Processed
67501,Hoop strip of oth than high carb or alloy steel,22,Processed
67502,Hoop and strip of high carbon steel,22,Processed
67503,Hoop and strip of alloy steel,22,Processed
6761,Rails of iron or steel,22,Processed
6762,Sleepers & railway track material of iron steel,22,Processed
67701,Iron/steel wire not high carbon or alloy steel,22,Processed
67702,Iron/steel wire of high carbon steel,22,Processed
67703,Iron/steel wire of alloy steel,22,Processed
6781,Tubes and pipes of cast iron,22,Processed
6782,"Tubes and pipes of iron or steel, seamless",22,Processed
6783,"Tubes and pipes of iron or steel, welded, etc.",22,Processed
6784,"High pressure hydro electric conduits, steel",22,Processed
6785,Tube and pipe fittings of iron and steel,22,Processed
6791,Iron castings in the rough state,22,Processed
6792,Steel castings in the rough state,22,Processed
6793,Iron and steel forgings in the rough state,22,Processed
68111,"Silver, unwrought or partly worked, not rolled",22,Processed
68112,"Rolled silver, unworked or partly worked",22,Processed
68121,"Platinum, etc., unwrought or partl.work.no roll.",22,Processed
68122,"Rolled platinum, etc. un. or partly worked",22,Processed
68211,Blister copper and other unrefined copper,22,Processed
68212,Refined copper including remelted,22,Processed
68213,Master alloys of copper,22,Processed
68221,"Bars, rods, angles, shapes, wire of copper",22,Processed
68222,"Plates, sheets and strip of copper",22,Processed
68223,Copper foil,22,Processed
68224,Copper powders and flakes,22,Processed
68225,"Tubes, pipes and blanks, hollow bars of copper",22,Processed
68226,Tube and pipe fittings of copper,22,Processed
6831,"Nickel and nickel alloys, unwrought",22,Processed
68321,"Bars, rods, angles, shapes, wire of nickel",22,Processed
68322,"Plates, sheets, strip, foil, powders/flakes nickel",22,Processed
68323,"Nickel tubes, pipes, blanks and fittings",22,Processed
68324,Electroplating anodes of nickel,22,Processed
6841,"Aluminium and aluminium alloys, unwrought",22,Processed
68421,"Bars, rods, angles, shapes and wire of aluminium",22,Processed
68422,"Plates, sheets and strip of aluminium",22,Processed
68423,Aluminium foil,22,Processed
68424,Aluminium powders and flakes,22,Processed
68425,"Tubes, pipes & blanks, hollow bars of aluminium",22,Processed
68426,Tube and pipe fittings of aluminium,22,Processed
6851,"Lead and lead alloys, unwrought",22,Processed
68521,"Bars, rods, angles, shapes, sections/wire of lead",22,Processed
68522,"Plates, sheets and strip of lead",22,Processed
68523,"Lead foil, powders and flakes",22,Processed
68524,"Tubes, pipes, blanks/fittings, hollow bars of lead",22,Processed
6861,"Zinc and zinc alloys, unwrought",22,Processed
68621,"Bars ,rods, angles, shapes, sections/wire of zinc",22,Processed
68622,"Plates, sheets, strip, foil, powders, flakes of zinc",22,Processed
68623,"Tubes, pipes, blanks/fittings, hollow bars of zinc",22,Processed
6871,"Tin and tin alloys, unwrought",22,Processed
68721,"Bars, rods, angles, shapes, sections & wire of tin",22,Processed
68722,"Plates, sheets and strip of tin",22,Processed
68723,"Tin foil, powders and flakes",22,Processed
68724,"Tubes, pipes, blanks/fittings, hollow bars of tin",22,Processed
6880,Uranium & thorium & their alloys,22,Processed
68931,"Magnesium, unwrought",22,Processed
68932,"Magnesium, wrought",22,Processed
68933,Beryllium,22,Processed
68941,Tungsten / wolfram,22,Processed
68942,Molybdenum,22,Processed
68943,Tantalum,22,Processed
6895,"Base metals, n.e.s.",22,Processed
6911,Fin. structural parts & structures of iron steel,22,Processed
6912,Fin. structural parts & structures of aluminium,22,Processed
6913,Fin. structural parts of zinc,22,Processed
69311,"Wire, cables, ropes etc. not insulated, iron/steel",22,Processed
69312,"Wire, cables, ropes etc. not insulated of copper",22,Processed
69313,"Wire, cables, ropes etc. not insulated, aluminium",22,Processed
6932,"Wire of iron or steel, of types used for fencing",22,Processed
69331,"Gauze, netting, grill, fencing wire of iron steel",22,Processed
69332,"Gauze, netting, grill, fencing wire of copper",22,Processed
69333,"Gauze, netting, grill, fencing wire of aluminium",22,Processed
69341,Expanded metal of iron or steel,22,Processed
69342,Expanded metal of copper,22,Processed
69343,Expanded metal of aluminium,22,Processed
69411,"Nails, tacks, staples, spikes, etc. of iron or steel",22,Processed
69412,"Nails, tacks, staples, spikes, etc. of copper",22,Processed
69421,"Nuts, bolts, screws, rivets, washers of iron/steel",22,Processed
69422,"Nuts, bolts, screws, rivets, washers of copper",22,Processed
6951,"Hand tools, mainly for agriculture or forestry",22,Processed
69521,Hand saws & saw blades,22,Processed
69522,"Pliers, pincers, spanners etc.",22,Processed
69523,"Hand tools, etc. n.e.s.",22,Processed
69526,"Tool tips, unmounted of sintered met. carbides",22,Processed
69602,Knife blades,22,Processed
69605,"Other articles of cutlery (clippers, cleavers)",22,Processed
69607,Handles for cutlery of base metal,22,Processed
69811,"Locks, padlocks & keys etc.",22,Processed
69812,Base metal fittings & mountings etc.,22,Processed
6983,Chain and parts thereof of iron or steel,22,Processed
69853,"Claps, hooks, eyes, buckles, etc. Of base metal",22,Processed
69861,Springs & leaves for springs of iron or steel,22,Processed
69862,Springs & leaves for springs of copper,22,Processed
69881,Chain and parts thereof of copper,22,Processed
69882,Flexible tubing and piping of base metal,22,Processed
69883,Beads and spangles of base metal,22,Processed
69884,"Bells (non electric),of base metal",22,Processed
69885,"Stoppers, crown corks, bottle caps, of base metal",22,Processed
69886,"Name plates, sign plates, etc. of base metal",22,Processed
69887,"Soldering & welding rods, etc, of base metal",22,Processed
69891,Articles of iron or steel n.e.s,22,Processed
69892,"Articles of copper, n.e.s.",22,Processed
69893,"Articles of nickel, n.e.s.",22,Processed
69894,"Articles of aluminium, n.e.s.",22,Processed
69895,"Articles of magnesium, n.e.s.",22,Processed
69896,"Articles of lead, n.e.s.",22,Processed
69897,"Articles of zinc, n.e.s.",22,Processed
7231,Insulated wire and cable,22,Processed
72321,Electrical insulators,22,Processed
72322,Other insulating fittings for electrical equip.,22,Processed
72323,Elect. conduit tubing & joints with insulating,22,Processed
8122,"Sinks, wash basins, bidets, baths of ceramic mat.",22,Processed
8123,"Sinks, wash basins, bidets, baths etc iron/steel",22,Processed
81241,Illuminating and signalling glassware,22,Processed
84154,"Head bands, linings, etc.",22,Processed
86111,"Optical elements, unmounted",22,Processed
86112,"Optical elements, mounted",22,Processed
8623,"Chemical prods for photography, for retail sale",22,Processed
86241,Photographic plates/films in the flat unexposed,22,Processed
86243,"Paper, paperboard, cloth, sensitized, not developed",22,Processed
86244,"Sensitized plates and film, exposed, not develop.",22,Processed
86245,"Plates, film, not cinematogr., exposed & developed",22,Processed
86413,"Watch movements, assembled",22,Processed
86414,Watch cases and parts thereof,22,Processed
86425,"Clock movements, assembled",22,Processed
86426,Clock cases and parts thereof,22,Processed
86429,"Clock and watch parts, n.e.s.",22,Processed
89112,"Acc. of gramophones, tape recorders & sound rec.",22,Processed
89143,Musical instrument strings,22,Processed
8919,Parts and accessories of musical instruments,22,Processed
89291,Paper and paperboard labels,22,Processed
89292,"Plans/drawings for indust. purposes, not printed",22,Processed
89433,Parts of arms falling within 894.31 and 894.32,22,Processed
89512,"Fittings for files, paper clips, stationery goods",22,Processed
89591,"Inks, other than printing inks",22,Processed
89593,"Date, sealing & similar stamps, etc.",22,Processed
89594,Type writer & similar ribbons & ink pads,22,Processed
89595,Sealing wax and copying pastes,22,Processed
89921,Plaits and similar products,22,Processed
89925,Prepared knots & tufts for broom/brush making,22,Processed
89927,Hand sieves and hand riddles,22,Processed
89943,Parts of art. falling within 89941 and 89942,22,Processed
89952,"Buttons and button moulds, studs, etc.",22,Processed
89953,Slide fasteners and parts thereof,22,Processed
89955,"Corset busks, etc.",22,Processed
89991,"Articles made from gut, etc.",22,Processed
89992,Prepared feathers & down and articles thereof,22,Processed
89994,"Human hair, dressed or otherwise worked, etc.",22,Processed
2411,Fuel wood & wood waste,31,Primary
3214,"Coal /anthracite, bituminous/",31,Primary
3216,Lignite briquettes and lignite,31,Primary
33101,Crude petroleum,31,Primary
3411,"Gas, natural",31,Primary
69211,"Tanks, etc. for storage or manuf. use of iron/steel",41,Capital goods (except for transport equipment)
69212,"Tanks, etc. for storage or manuf. use of copper",41,Capital goods (except for transport equipment)
69213,"Tanks, etc. for storage or manuf. use of aluminium",41,Capital goods (except for transport equipment)
69221,"Casks, drums, etc. used for transport of iron/steel",41,Capital goods (except for transport equipment)
69222,"Casks, drums, etc. used for transport of aluminium",41,Capital goods (except for transport equipment)
69231,Compressed gas cylinders of iron or steel,41,Capital goods (except for transport equipment)
69232,Compressed gas cylinders of aluminium,41,Capital goods (except for transport equipment)
6982,"Safes, strong rooms, strong room fittings etc.",41,Capital goods (except for transport equipment)
7111,Steam generating boilers,41,Capital goods (except for transport equipment)
7112,Boiler house plant,41,Capital goods (except for transport equipment)
71131,Steam engines incorporating boilers,41,Capital goods (except for transport equipment)
71132,Steam engines not incorporating boilers,41,Capital goods (except for transport equipment)
7116,"Gas turbines, other than for aircraft",41,Capital goods (except for transport equipment)
7117,Nuclear reactors,41,Capital goods (except for transport equipment)
71181,Water turbines & other water engines,41,Capital goods (except for transport equipment)
71189,"Engines, wind, hot air engines not water engines",41,Capital goods (except for transport equipment)
7121,Agricultural machinery for cultivating the soil,41,Capital goods (except for transport equipment)
7122,"Agricultural machinery for harvesting, threshing",41,Capital goods (except for transport equipment)
71231,Cream separators,41,Capital goods (except for transport equipment)
71239,Other dairy machinery,41,Capital goods (except for transport equipment)
7125,"Tractors, other than road tractors",41,Capital goods (except for transport equipment)
71291,Presses for wine making,41,Capital goods (except for transport equipment)
71299,Other agricultural machinery,41,Capital goods (except for transport equipment)
7141,Typewriters and cheque writing machines,41,Capital goods (except for transport equipment)
7142,Calculating & accounting machines etc,41,Capital goods (except for transport equipment)
7143,Statistical machines cards or tapes,41,Capital goods (except for transport equipment)
71491,"Duplicating, addressing, etc. machines",41,Capital goods (except for transport equipment)
7151,Machine tools for working metals,41,Capital goods (except for transport equipment)
71521,"Converters, ladles, ingot moulds & castings",41,Capital goods (except for transport equipment)
71522,"Rolling mills & rolls, for metalworking",41,Capital goods (except for transport equipment)
71523,"Gas operated welding, cutting etc. Appliances",41,Capital goods (except for transport equipment)
71711,"Spinning, extruding, etc. machines",41,Capital goods (except for transport equipment)
71712,"Weaving, knitting, etc. machines",41,Capital goods (except for transport equipment)
71713,Machines aux. of those of 717 12,41,Capital goods (except for transport equipment)
71714,Machinery for manufacturing/finishing of felt,41,Capital goods (except for transport equipment)
71715,"Textile bleaching, washing, dressing, etc. Mach.",41,Capital goods (except for transport equipment)
7172,Machinery ex. sewing mach. For working hides etc,41,Capital goods (except for transport equipment)
71811,Machinery for making or finishing cel. pulp,41,Capital goods (except for transport equipment)
71812,Paper cutting machines,41,Capital goods (except for transport equipment)
71821,Bookbinding machinery,41,Capital goods (except for transport equipment)
71822,"Type making & setting machinery, etc.",41,Capital goods (except for transport equipment)
71829,Other printing machinery,41,Capital goods (except for transport equipment)
71831,"Machinery for milling grain, etc.",41,Capital goods (except for transport equipment)
71839,Other food processing machines,41,Capital goods (except for transport equipment)
71841,"Road rollers, mechanically propelled",41,Capital goods (except for transport equipment)
71842,"Excavating, levelling, boring, etc. Machinery",41,Capital goods (except for transport equipment)
71851,"Mineral crushing, sorting, etc. machinery",41,Capital goods (except for transport equipment)
71852,Glass working machinery,41,Capital goods (except for transport equipment)
71911,Gas generators,41,Capital goods (except for transport equipment)
71912,Air conditioning machines,41,Capital goods (except for transport equipment)
71913,"Furnace burners, mechanical stokers, etc.",41,Capital goods (except for transport equipment)
71914,Indust. & laboratory furnaces & ovens non elec.,41,Capital goods (except for transport equipment)
71915,Refrigerators not domestic & oth  refrig equip.,41,Capital goods (except for transport equipment)
71919,Other app for treating mat. with heat or cold,41,Capital goods (except for transport equipment)
71921,Pumps for liquids,41,Capital goods (except for transport equipment)
71922,"Pumps for gases, etc.",41,Capital goods (except for transport equipment)
71923,Centrifuges & filtering machinery,41,Capital goods (except for transport equipment)
71931,Lifting & loading machinery,41,Capital goods (except for transport equipment)
71932,Fork lift trucks for moving goods within plant,41,Capital goods (except for transport equipment)
71951,Machine tools for working minerals,41,Capital goods (except for transport equipment)
71952,"Machine tools for working wood, plastics, etc.",41,Capital goods (except for transport equipment)
71953,Motorised hand tools non electrical,41,Capital goods (except for transport equipment)
71961,Calendaring mach.& similar rolling machines,41,Capital goods (except for transport equipment)
71962,Mach. for cleaning or filling containers,41,Capital goods (except for transport equipment)
71963,Weighing machinery and weights therefore,41,Capital goods (except for transport equipment)
71964,Spraying machinery,41,Capital goods (except for transport equipment)
71965,Automatic vending machines,41,Capital goods (except for transport equipment)
71966,Railway & tramway track fixtures & fittings,41,Capital goods (except for transport equipment)
7198,"Machinery and mechanical appliances, n.e.s.",41,Capital goods (except for transport equipment)
7221,Electric power machinery,41,Capital goods (except for transport equipment)
7222,Apparatus for electrical circuits,41,Capital goods (except for transport equipment)
72491,Electrical line telephone & telegraph equipment,41,Capital goods (except for transport equipment)
72492,"Microphones, loudspeakers & amplifiers",41,Capital goods (except for transport equipment)
72499,Other telecommunications equipment,41,Capital goods (except for transport equipment)
7261,Electro medical apparatus,41,Capital goods (except for transport equipment)
7262,X ray apparatus,41,Capital goods (except for transport equipment)
72951,Electricity supply meters,41,Capital goods (except for transport equipment)
72952,Other electrical measuring & controlling inst.,41,Capital goods (except for transport equipment)
7296,Electro mechanical hand tools,41,Capital goods (except for transport equipment)
7297,Electron and proton accelerators,41,Capital goods (except for transport equipment)
72991,Electro magnets & electromagnetic appliances,41,Capital goods (except for transport equipment)
72992,"Electr. Furnaces, welding & cutting apparatus",41,Capital goods (except for transport equipment)
72993,Electric traffic control equipment,41,Capital goods (except for transport equipment)
72994,Electric sound or visual signalling apparatus,41,Capital goods (except for transport equipment)
72995,Electrical condensers,41,Capital goods (except for transport equipment)
72999,"Other electr. goods & apparatus, n.e.s.",41,Capital goods (except for transport equipment)
73592,Special purpose vessels(e.g. light vess. dredgers,41,Capital goods (except for transport equipment)
73593,"Floating structures, other than vessels (buoys).",41,Capital goods (except for transport equipment)
8121,Central heating apparatus and parts,41,Capital goods (except for transport equipment)
82102,"Medical furniture, etc. parts thereof",41,Capital goods (except for transport equipment)
86132,"Astronomical instruments, etc.",41,Capital goods (except for transport equipment)
86133,Microscopes & diffraction apparatus,41,Capital goods (except for transport equipment)
86134,"Compound optical microscopes, etc",41,Capital goods (except for transport equipment)
86139,"Optical appliances & instruments, n.e.s.",41,Capital goods (except for transport equipment)
86169,"Photographic equipment, n.e.s.",41,Capital goods (except for transport equipment)
86171,Medical instruments & app.exc. electro medical,41,Capital goods (except for transport equipment)
86172,"Mechano therapy appliances, etc",41,Capital goods (except for transport equipment)
86181,Gas or liquid supply meters,41,Capital goods (except for transport equipment)
86182,"Revolution counters, production & similar art.",41,Capital goods (except for transport equipment)
86191,"Surveying instruments, etc.",41,Capital goods (except for transport equipment)
86192,Balances,41,Capital goods (except for transport equipment)
86193,"Drawing, measuring, calculating instruments, etc.",41,Capital goods (except for transport equipment)
86194,Technical models for demonstrating,41,Capital goods (except for transport equipment)
86195,Mechanical app. For testing phys. properties,41,Capital goods (except for transport equipment)
86196,"Hydrometers ,thermometers, etc.",41,Capital goods (except for transport equipment)
86197,Instr. for measuring or controlling of liquids,41,Capital goods (except for transport equipment)
86198,"Instr. for physical or chemical analysis, etc.",41,Capital goods (except for transport equipment)
86423,"Time clocks, etc.",41,Capital goods (except for transport equipment)
86424,Time switches with clock/watch movements,41,Capital goods (except for transport equipment)
8945,"Fair ground amusements, etc.",41,Capital goods (except for transport equipment)
89511,"Filing cabinets, rags & sim. office equip.(metal)",41,Capital goods (except for transport equipment)
89713,Laboratory & industrial art. Of precious metal,41,Capital goods (except for transport equipment)
89957,"Tailors"" dummies, etc.",41,Capital goods (except for transport equipment)
6121,Machine leather belting & other articles/leath.,42,Parts and accessories
6294,"Transmission, conveyor or elevator belts/rubber",42,Parts and accessories
65583,Other textile fabr./artic. used in machin. plant,42,Parts and accessories
65591,Textile hosepiping and similar tubing,42,Parts and accessories
65592,"Transmission, conveyor or elevator belts (text)",42,Parts and accessories
66311,Grinding wheels and stones for machinery,42,Parts and accessories
69524,Interchangeable tools for hand or machine,42,Parts and accessories
69525,Cutting blades for machines,42,Parts and accessories
71492,"Parts of office machinery, n.e.s.",42,Parts and accessories
71954,Parts 3 accessories of machine tools,42,Parts and accessories
7197,"Ball, roller or needle roller bearings",42,Parts and accessories
71991,Moulding boxes for metal foundry,42,Parts and accessories
71992,"Taps, cocks, valves & similar appliances",42,Parts and accessories
71993,"Transmission shafts & cranks, pulleys, etc.",42,Parts and accessories
71994,Metal plastic joints,42,Parts and accessories
71999,"Machinery parts, non electrical, n.e.s.",42,Parts and accessories
7293,"Thermionic valves and tubes, transistors, etc.",42,Parts and accessories
72996,Electrical carbons,42,Parts and accessories
72998,Electrical parts of mach.& appliances,42,Parts and accessories
86199,Parts of articles 729 5/861 8/861 96/861 97,42,Parts and accessories
7321,"Passenger motor cars, other than buses",51,Passenger motor cars
6291,Rubber tyres & tubes for vehicles and aircraft,53,Parts and accessories
6984,"Anchors, grapnels and parts of iron or steel",53,Parts and accessories
71141,Internal combustion engines for aircraft,53,Parts and accessories
71142,Jet & gas turbines for aircraft,53,Parts and accessories
7115,"Internal combustion engines, not for aircraft",53,Parts and accessories
72912,Electric accumulators,53,Parts and accessories
72941,Electrical starting & ignition equipment,53,Parts and accessories
72942,"Electrical lighting, etc. equipment",53,Parts and accessories
7317,Parts of railway locomotives & rolling stock,53,Parts and accessories
7326,Chassis with engs. Mntd. For vehicles of 732.1,53,Parts and accessories
7327,Other chassis with engines mounted,53,Parts and accessories
73281,Bodies for motor vehicles not motorcycles,53,Parts and accessories
73289,Other parts for motor vehicles,53,Parts and accessories
73292,Parts solely for use of heading 732 91,53,Parts and accessories
73312,Parts of vehicles of heading 733 11 & 733 4,53,Parts and accessories
73492,"Parts of aircraft, airships, etc.",53,Parts and accessories
86421,"Instrument panel clocks, etc",53,Parts and accessories
65741,Floor coverings prepared on a base of paper,61,Durable
65742,Linoleum and similar floor coverings on textile,61,Durable
6575,"Carpets, carpeting and rugs, knotted",61,Durable
6576,"Other carpets, carpeting and rugs",61,Durable
6577,Tapestries,61,Durable
69711,"Domestic stoves, etc. of iron or steel",61,Durable
69712,"Domestic stoves, etc. of copper",61,Durable
7173,Sewing machines,61,Durable
71941,"Domestic food processing appliances, non-elect.",61,Durable
71942,"Domestic refrigerators, non electrical",61,Durable
71943,"Domestic water heaters, non electrical",61,Durable
7241,Television broadcast receivers,61,Durable
7242,Radio broadcast receivers,61,Durable
72501,"Domestic refrigerators, electrical",61,Durable
72502,Domestic washing machines whether or not elec.,61,Durable
72503,Electro mechanical domestic appliances n.e.s,61,Durable
72504,Electric shavers & hair clippers,61,Durable
72505,Electric space heating equipment etc.,61,Durable
82101,Chairs/seats and parts thereof,61,Durable
82109,"Furniture and parts thereof, n.e.s.",61,Durable
86131,Binoculars and refracting telescopes n.e.s.,61,Durable
8614,Photographic cameras and flashlight apparatus,61,Durable
8615,"Cine. Cameras, projectors, sound recorders etc.",61,Durable
86161,"Image projectors, etc.",61,Durable
86411,"Pocket watches, wrist watches & other watches",61,Durable
86412,Clocks with watch movements,61,Durable
86422,"Clocks, n.e.s.",61,Durable
89111,"Gramophones, tape records, etc",61,Durable
89141,"Pianos, harpsichords, keyboard string instruments",61,Durable
89142,Other string musical instruments,61,Durable
89181,"Pipe and reed organs (incl. harmoniums, etc.)",61,Durable
89182,"Accordions, concertinas and mouth organs",61,Durable
89183,Other wind musical instruments,61,Durable
89184,Percussion musical instruments,61,Durable
89185,Electric musical instruments,61,Durable
89189,"Other musical instruments, n.e.s.",61,Durable
89601,"Paintings, drawings, pastels, executed by hand",61,Durable
89602,"Original engravings, prints and lithographs",61,Durable
89603,Original sculptures and statuary,61,Durable
89604,Postage and similar stamps of philatelic inter.,61,Durable
89605,"Naturalists"" collections, collector numismatic p.",61,Durable
89606,"Antiques, n.e.s.",61,Durable
89711,Jewellery of precious metal,61,Durable
89712,"Gold/silversmiths"" wares of precious metal",61,Durable
89714,Art .incorporating pearls of semi & precious st.,61,Durable
89961,Hearing aids,61,Durable
89962,Orthopaedic appl. artificial parts of the body,61,Durable
6122,Saddlery and other harness makers goods,62,Semi-durable
6129,"Manufactures of leather, n.e.s.",62,Semi-durable
6293,Hygienic & pharmaceutical articles of rubber,62,Semi-durable
63271,Picture and mirror frames of wood,62,Semi-durable
63272,Household utensils of wood,62,Semi-durable
63273,"Domestic or decorative articles of wood, n.e.s.",62,Semi-durable
6562,"Tarpaulins, tents, awnings, sails, etc.",62,Semi-durable
65661,Blankets and travelling rugs of wool,62,Semi-durable
65662,Blankets and travelling rugs of cotton,62,Semi-durable
65669,"Blankets and travelling rugs, n.e.s.",62,Semi-durable
65691,Linens and other furnishing art. Of textile,62,Semi-durable
65692,"Other made up textile articles, n.e.s.",62,Semi-durable
6652,Glass tableware etc for household hotel etc,62,Semi-durable
6664,Porcelain or china household ware,62,Semi-durable
6665,Household ware of other ceramic materials,62,Semi-durable
6666,"Ornaments of ceramic materials, n.e.s",62,Semi-durable
69601,Knives,62,Semi-durable
69603,Razors and razor blades,62,Semi-durable
69604,Scissors and their blades,62,Semi-durable
69606,"Spoons, forks and similar tableware",62,Semi-durable
69721,Domestic utensils of iron or steel,62,Semi-durable
69722,Domestic utensils of copper,62,Semi-durable
69723,Domestic utensils of aluminium,62,Semi-durable
69792,"Indoor ornaments of base metals, n.e.s.",62,Semi-durable
69793,Picture frames and mirrors of base metals,62,Semi-durable
69898,"Articles of tin, n.e.s.",62,Semi-durable
81242,Lamps & lighting fittings & parts thereof,62,Semi-durable
81243,Portable electric battery lamps,62,Semi-durable
82103,"Mattresses, mattress supports and similar  furn.",62,Semi-durable
8310,"Travel goods, handbags & similar articles",62,Semi-durable
84111,"Mens and boys outer garments, not knitted",62,Semi-durable
84112,"Womens, girls & infts outer garmts, not knitted",62,Semi-durable
84113,"Men’s/boy’s under garments, not knitted/crochet.",62,Semi-durable
84114,"Women’s/inf. under garments, not knitted/crochet.",62,Semi-durable
84121,Handkerchiefs,62,Semi-durable
84122,"Shawls, scarves, etc. Not knitted or crocheted",62,Semi-durable
84123,"Ties, bow ties and cravats",62,Semi-durable
84124,"Collars, cuffs, jabots & similar accessories",62,Semi-durable
84125,"Corsets, suspenders, gartes & similar articles",62,Semi-durable
84126,"Gloves, mittens, stockings & socks, not knitted",62,Semi-durable
84129,"Other clothing accessories, n.e.s.",62,Semi-durable
8413,Apparel and clothing accessories of leather,62,Semi-durable
84141,"Gloves, etc. knitted crocheted, not elastic",62,Semi-durable
84142,"Stockings, etc., knitted or crocheted not elast.",62,Semi-durable
84143,"Under garments knitted, not elast. Nor rubberd",62,Semi-durable
84144,"Outer garments knitted, not elast. Nor rubberd",62,Semi-durable
84145,"Knitted or crocheted fabric, elastic articles",62,Semi-durable
84151,Headgear of felt,62,Semi-durable
84152,"Headgear, plaited",62,Semi-durable
84153,"Headgear, knitted/crocheted of textile, no felt",62,Semi-durable
84159,Other head gear,62,Semi-durable
8416,"Apparel & clothing acces., gloves, of rubber",62,Semi-durable
84201,Articles of furskins,62,Semi-durable
84202,Artificial fur and articles thereof,62,Semi-durable
85101,Footwear soles & uppers of rubber or plast.mat,62,Semi-durable
85102,Footwear with soles of leather/rubber/plastic,62,Semi-durable
85103,Footwear with soles of wood or cork,62,Semi-durable
85104,Footwear with soles of other materials,62,Semi-durable
85105,"Gaiters, spats, leggings, etc",62,Semi-durable
86121,"Frames for spectacles, etc.",62,Semi-durable
86122,"Spectacles, pince-nez, etc.",62,Semi-durable
86301,"Sound track, developed",62,Semi-durable
86309,"Other cinematographic film, developed",62,Semi-durable
8912,"Phonograph records, recorded  tapes, oth. sound rec.",62,Semi-durable
8923,"Music, printed or in manuscript",62,Semi-durable
8930,"Articles of artif. plastic materials, n.e.s.",62,Semi-durable
8941,Baby and invalid carriages not motorized,62,Semi-durable
89421,Wheeled toys designed to be ridden,62,Semi-durable
89422,Dolls,62,Semi-durable
89423,"Toys, n.e.s.",62,Semi-durable
89424,Equipment for indoor games,62,Semi-durable
89431,"Firearms, exl. military weapons",62,Semi-durable
89432,Other non military arms,62,Semi-durable
89441,Fishing and hunting equipment,62,Semi-durable
89442,Other requisites for outdoor sports,62,Semi-durable
89521,"Fountain pens, propelling pencils, penholders",62,Semi-durable
89522,Pen nibs and nib points,62,Semi-durable
89523,"Pencils, crayons, etc.",62,Semi-durable
89592,Slates for writing,62,Semi-durable
8972,Imitation jewellery,62,Semi-durable
89911,Worked tortoise shell and articles thereof,62,Semi-durable
89912,Worked mother of pearl and articles thereof,62,Semi-durable
89913,Worked ivory and articles of ivory,62,Semi-durable
89914,Worked bone and articles thereof,62,Semi-durable
89915,Other worked animal carving mat. and art. thereof,62,Semi-durable
89916,Worked vegetables carving mat. and art. thereof,62,Semi-durable
89917,"Worked jet, amber ,meerschaum and art. thereof",62,Semi-durable
89918,"Moulded or carved art .of wax, gums & nat. resins",62,Semi-durable
89922,"Basketwork, wickerwork, etc. of plaiting material",62,Semi-durable
89934,"Mechanical, etc. lighters",62,Semi-durable
89935,"Smoking pipes, pipe bowls, stems, etc.",62,Semi-durable
89941,Umbrellas and sunshades,62,Semi-durable
89942,"Walking sticks, canes, riding crops, etc.",62,Semi-durable
89956,Scent & sim. sprays for toilet purposes,62,Semi-durable
89993,"Artificial flowers, etc.",62,Semi-durable
89995,"Wigs, false beards, switches, etc.",62,Semi-durable
89997,"Vacuum flasks, etc.",62,Semi-durable
1221,Cigars & cheroots,63,Non-durable
1222,Cigarettes,63,Non-durable
1223,"Tobacco, manufactured for smoking, chewing snuff",63,Non-durable
29271,Cut flowers and buds for ornamental purposes,63,Non-durable
29272,"Foliage, branches, etc. for ornamental purposes",63,Non-durable
53333,"Artists"" colours",63,Non-durable
5417,Medicaments,63,Non-durable
54191,"Bandages, etc. impregnated/coated with pharm.pro.",63,Non-durable
55124,Aqueous distillates and solutions of essen. oils,63,Non-durable
5530,"Perfumery & cosmetics, dentifrices etc.",63,Non-durable
5541,Soaps,63,Non-durable
5543,"Polishes, pastes, powder for polishing/preserving",63,Non-durable
5714,Hunting and sporting ammunition,63,Non-durable
62998,"Articles of unhardened rubber, n.e.s.",63,Non-durable
6422,"Envelopes, writing blocks, etc. for correspondence",63,Non-durable
65114,Silk yarn put up for retail sale,63,Non-durable
65125,"Yarn wool or anim hair, put up for retail sale",63,Non-durable
65142,"Cotton yarn and thread, put up for retail sale",63,Non-durable
65152,"Flax of ramie yarn, put up for retail sale",63,Non-durable
65163,Yarn of continuous synth. fibres. not for sale,63,Non-durable
65165,Yarn of discontinuous synt.fib. Not for sale,63,Non-durable
65173,"Yarn of continuous regen. fibres, for retail sale",63,Non-durable
65175,"Yarn of discont. regen. fibres, for retail sale",63,Non-durable
69791,"Steel wool, pot scourers & polishing pads",63,Non-durable
69851,"Needles for hand sewing, knitting, netting, etc.",63,Non-durable
69852,"Pins, hairpins & curling grips of iron or steel",63,Non-durable
72911,Primary batteries & cells,63,Non-durable
7292,Electric lamps,63,Non-durable
86242,"Films in rolls, sensitized, unexposed",63,Non-durable
89211,"Printed books, pamphlets, etc",63,Non-durable
89212,Children’s picture & painting books,63,Non-durable
89213,"Maps, hydrographic  charts, etc.",63,Non-durable
8922,Newspapers and periodicals,63,Non-durable
89241,Transfers (decalcomanias),63,Non-durable
89242,"Picture postcards, etc., printed by any process",63,Non-durable
89294,"Calendars, incl. cal. blocks, of paper",63,Non-durable
89299,Other printed matter (incl. picture & photograph,63,Non-durable
89425,"Christmas decorations, etc.",63,Non-durable
89923,Brooms/brushes of vegetable mat. not mounted,63,Non-durable
89924,"Other brooms, brushes, mops, paint rollers.etc.",63,Non-durable
89926,Feather dusters,63,Non-durable
89931,"Candles, tapers, etc.",63,Non-durable
89932,Matches (excluding Bengal matches),63,Non-durable
89933,"Combustible preparations and products, n.e.s.",63,Non-durable
89951,"Powder puffs pads for applying cosm./toil, prep.",63,Non-durable
89954,"Combs, hair slides, etc",63,Non-durable
89996,"Fans, non mechanical, etc.",63,Non-durable
0011,Bovine cattle including buffaloes,111,Mainly for industry
0012,"Sheep, lambs and goats",111,Mainly for industry
0013,Swine,111,Mainly for industry
0014,"Poultry ,live",111,Mainly for industry
0019,"Live animals chiefly for food , n.e.s.",111,Mainly for industry
0410,"Wheat and meslin, unmilled",111,Mainly for industry
0421,"Rice in the husk or not, not further prepared",111,Mainly for industry
0430,"Barley, unmilled",111,Mainly for industry
0451,"Rye, unmilled",111,Mainly for industry
0459,"Cereals, unmilled, n.e.s",111,Mainly for industry
05363,Fruit in temporary preservative,111,Mainly for industry
05462,Vegetables in temporary preservative,111,Mainly for industry
05481,"Roots & tubers, fresh or dried, sago pith",111,Mainly for industry
05482,"Sugar beet, fresh or dried; sugar cane",111,Mainly for industry
05483,"Chicory roots, fresh or dried, unroasted",111,Mainly for industry
05484,Hops,111,Mainly for industry
05489,"Vegetable products, fresh or dried, n.e.s.",111,Mainly for industry
0711,"Coffee, green or roasted",111,Mainly for industry
0721,"Cocoa beans, raw or roasted",111,Mainly for industry
2211,"Groundnuts peanuts green, ex. flour and meal",111,Mainly for industry
2212,"Copra, ex. flour and meal",111,Mainly for industry
2213,Palm nuts & kernels,111,Mainly for industry
2214,Soya beans,111,Mainly for industry
2216,Cotton seed,111,Mainly for industry
2218,"Oil seeds, oil nuts & oil kernels, n.e.s.",111,Mainly for industry
0111,"Meat of bovine animals, fresh, chilled or frozen",112,Mainly for household consumption
0112,"Meat of sheep & goats, fresh, chilled or frozen",112,Mainly for household consumption
0113,"Meat of swine, fresh, chilled or frozen",112,Mainly for household consumption
0114,"Poultry, incl. offals ex. liver fresh, chilled, frozen",112,Mainly for household consumption
0115,"Meat of horses, asses, mules & hinnies, fr.ch.fro.",112,Mainly for household consumption
0116,"Edible offals of animals, fresh, chilled, frozen",112,Mainly for household consumption
01181,"Poultry liver, fresh, chilled, frozen salted",112,Mainly for household consumption
01189,"Meat & edible offals, n.e.s.",112,Mainly for household consumption
0223,Milk & cream fresh,112,Mainly for household consumption
0250,Eggs,112,Mainly for household consumption
0311,"Fish, fresh, chilled or frozen",112,Mainly for household consumption
0312,"Fish, salted, dried or smoked",112,Mainly for household consumption
0313,"Crustacean & molluscs, fresh, chilled, salted, dried",112,Mainly for household consumption
0511,"Oranges, tangerines and clementines",112,Mainly for household consumption
0512,Other citrus fruit,112,Mainly for household consumption
0513,"Bananas including plantains ,fresh",112,Mainly for household consumption
0514,"Apples, fresh",112,Mainly for household consumption
0515,"Grapes, fresh",112,Mainly for household consumption
05171,"Coconuts, brazil cashew nuts, fresh/dried",112,Mainly for household consumption
05172,"Other edible nuts, fresh or dried",112,Mainly for household consumption
05191,"Figs, fresh",112,Mainly for household consumption
05192,"Pears & quinces, fresh",112,Mainly for household consumption
05193,"Stone fruit, fresh",112,Mainly for household consumption
05194,"Berries, fresh",112,Mainly for household consumption
05195,"Tropical fruit other than bananas, fresh",112,Mainly for household consumption
05199,Other fresh fruit,112,Mainly for household consumption
05201,"Tropical fruit, dried",112,Mainly for household consumption
05202,"Figs, dried",112,Mainly for household consumption
05203,"Grapes, dried (raisins)",112,Mainly for household consumption
05209,Other dried fruit,112,Mainly for household consumption
0541,"Potatoes, fresh, not including sweet potatoes",112,Mainly for household consumption
0542,"Beans, peas, lentils & leguminous vegetable. dried",112,Mainly for household consumption
0544,"Tomatoes, fresh",112,Mainly for household consumption
0545,Other fresh vegetables,112,Mainly for household consumption
0616,Natural honey,112,Mainly for household consumption
0741,Tea,112,Mainly for household consumption
0742,Mate,112,Mainly for household consumption
0751,"Pepper & pimento, whether or not ground",112,Mainly for household consumption
07521,Vanilla,112,Mainly for household consumption
07522,Cinnamon & cinnamon tree flowers,112,Mainly for household consumption
07523,"Cloves (whole fruit, cloves & stems)",112,Mainly for household consumption
07524,"Nutmeg, mace & cardamoms",112,Mainly for household consumption
07525,"Seeds of anise, badian, fennel, coriander, cumin et",112,Mainly for household consumption
07529,"Thyme, saffron, bay leaves & other spices",112,Mainly for household consumption
04601,Flour of wheat or of meslin,121,Mainly for industry
04602,Meal & groats of wheat or of meslin,121,Mainly for industry
04701,Cereal flours excl. of wheat or of meslin,121,Mainly for industry
04702,Cereal meal & groats excl. Of wheat or meslin,121,Mainly for industry
0482,Malt including malt flour,121,Mainly for industry
04881,Malt extract,121,Mainly for industry
04883,Sealing wafers & similar products,121,Mainly for industry
05361,"Fruit pres. By freezing, not cont. Added sugar",121,Mainly for industry
05362,"Fruit pres. By freezing, cont. Added sugar",121,Mainly for industry
05364,Peel of melons & citrus fruit not pres by sugar,121,Mainly for industry
05541,Flours of leg. vegetables fall. in heading 054.2,121,Mainly for industry
05542,Flours of the fruits falling within group 051,121,Mainly for industry
05543,"Flour, meal & flakes of potato",121,Mainly for industry
05544,Flour & meal of roots & tubers fall. in 054.81,121,Mainly for industry
05545,"Tapioca, sago & substitutes",121,Mainly for industry
0611,"Raw sugar, beet & cane",121,Mainly for industry
0615,Molasses,121,Mainly for industry
0619,Sugars & syrups n.e.s incl. art. honey & caramel,121,Mainly for industry
06202,"Flavored or coloured sugars, syrups & molasses",121,Mainly for industry
0722,"Cocoa powder, unsweetened",121,Mainly for industry
07231,Cocoa paste,121,Mainly for industry
07232,Cocoa butter (fat or oil),121,Mainly for industry
09906,Natural yeasts & prepared baking powders,121,Mainly for industry
11211,"Grape must, in fermentation or with ferm. arrested",121,Mainly for industry
2219,"Flour & meal of oil seeds, nuts, kernels, fat",121,Mainly for industry
4111,Oils of fish and marine mammals,121,Mainly for industry
41131,"Pig and poultry fat, unrendered",121,Mainly for industry
4212,Soya bean oil,121,Mainly for industry
4213,Cotton seed oil,121,Mainly for industry
4214,Groundnut /peanut/ oil,121,Mainly for industry
4217,"Rape, colza and mustard oils",121,Mainly for industry
4222,Palm oil,121,Mainly for industry
4223,Coconut copra oil,121,Mainly for industry
4224,Palm kernel oil,121,Mainly for industry
4312,Hydrogenated oils and fats,121,Mainly for industry
59952,Gluten and gluten flour,121,Mainly for industry
0121,"Bacon, ham & other dried, salted, smoked pig meat",122,Mainly for household consumption
0129,"Meat & edible offals, n.e.s. Dried, salted, smoked",122,Mainly for household consumption
0133,Meat extracts & meat juices,122,Mainly for household consumption
0134,"Sausages, whether or not in airtight containers",122,Mainly for household consumption
0138,Other prepared or preserved meat,122,Mainly for household consumption
0221,Milk & cream evaporated or condensed,122,Mainly for household consumption
0222,"Milk & cream in solid form, blocks or powder",122,Mainly for household consumption
0230,Butter,122,Mainly for household consumption
0240,Cheese and curd,122,Mainly for household consumption
03201,Prepared or preserved fish incl. caviar,122,Mainly for household consumption
03202,"Crustacean & molluscs, prepared or preserved",122,Mainly for household consumption
0422,"Rice, glazed or polished, not further prepared",122,Mainly for household consumption
04811,"Cereal grains, rolled, flaked, polished",122,Mainly for household consumption
04812,Prep. foods obt. By roasting of cereal grains,122,Mainly for household consumption
0483,"Macaroni, spaghetti, noodles, vermicelli etc.",122,Mainly for household consumption
04841,"Bread, ships biscuits & other bakers wares",122,Mainly for household consumption
04842,"Pastry, biscuits, cakes & fine bakers wares",122,Mainly for household consumption
04882,"Prep. of flour, starch or malt as infant food",122,Mainly for household consumption
0532,"Fruit, fruit peel, preserved by sugar",122,Mainly for household consumption
0533,"Jams, marmalades, fruit jellies",122,Mainly for household consumption
0535,"Fruit juices & vegetable juices, unfermented",122,Mainly for household consumption
0539,"Fruit & nuts, prepared or preserved, n.e.s",122,Mainly for household consumption
05461,"Vegetables, frozen",122,Mainly for household consumption
0551,"Vegetables, dehydrated excl. leguminous vegetable.",122,Mainly for household consumption
05551,"Veg.& fruit, prep./pres. by vinegar or acet. acid",122,Mainly for household consumption
05552,"Vegetables otherwise preserved or prepared, n.e.s.",122,Mainly for household consumption
0612,"Refined sugar & other prod. of refining, no syrup",122,Mainly for household consumption
06201,"Sugar confectionery, not containing cocoa",122,Mainly for household consumption
0713,"Coffee extracts, essences, concentrates",122,Mainly for household consumption
0730,Chocolate & other food prep. Of cocoa,122,Mainly for household consumption
0913,Lard & other rendered pig & poultry fat,122,Mainly for household consumption
0914,"Margarine, imitn lard & prepared edible fats n.e.s.",122,Mainly for household consumption
09901,"Roasted coffee substitutes, etc.",122,Mainly for household consumption
09902,"Extracts, essences or conc. of tea or mate, etc.",122,Mainly for household consumption
09903,Mustard flour and prepared mustard,122,Mainly for household consumption
09904,Sauces; mixed seasonings,122,Mainly for household consumption
09905,Soups and broths,122,Mainly for household consumption
09907,Vinegar and substitutes for vinegar,122,Mainly for household consumption
09909,Other miscellaneous food preparations,122,Mainly for household consumption
11101,Waters(incl.spa waters);ice and snow,122,Mainly for household consumption
11102,"Lemonade & flav. waters, non alcoholic",122,Mainly for household consumption
11212,"Wine of fresh grapes, grape must",122,Mainly for household consumption
11213,Vermouths & other wines of fresh grapes,122,Mainly for household consumption
1122,"Cider & fermented beverages, n.e.s.",122,Mainly for household consumption
1123,"Beer including ale, stout, porter",122,Mainly for household consumption
1124,Distilled alcoholic beverages,122,Mainly for household consumption
4215,Olive oil,122,Mainly for household consumption
4216,Sunflower seed oil,122,Mainly for household consumption
3321,"Motor spirit, gasoline and other light oils",321,Motor spirit
2412,Wood charcoal,322,Other
3215,Briquettes of coal,322,Other
3218,"Coke & semi coke of coal, of lignite or of peat",322,Other
33102,"Petroleum, partly refined (incl. topped crudes)",322,Other
3322,Lamp oil and white spirit,322,Other
3323,Distillate fuels,322,Other
3324,Residual fuel oils,322,Other
33251,Lubricating prep. cont.>70% by weight of petr.,322,Other
33252,Lubricating prep. cont.<70% by weight of petr.,322,Other
3412,"Gas, manufactured",322,Other
3510,Electric energy,322,Other
7311,Railway locomotives steam and tenders,521,Industrial
7312,"Electric railway locomotives, not self generat.",521,Industrial
7313,"Railway locomotives, not steam or electric",521,Industrial
7314,Mechanically propelled railway and tramway cars,521,Industrial
7315,Rail & tram passenger cars not mech propelled,521,Industrial
73161,Railway & tramway service vehicles,521,Industrial
73162,Railway and tramway goods wagons /freight cars/,521,Industrial
73163,Road rail and similar containers,521,Industrial
7322,"Buses, including trolleybuses",521,Industrial
7323,"Lorries and trucks, including ambulances, etc.",521,Industrial
7324,"Special purpose lorries, trucks and vans",521,Industrial
7325,Road tractors for tractor trailer combinations,521,Industrial
7333,"Trailers & oth vehicles not motorized, & parts",521,Industrial
7341,"Aircraft, heavier than air",521,Industrial
73491,Airships & balloons,521,Industrial
7353,"Ships and boats, other than warships",521,Industrial
73591,Tugs,521,Industrial
73291,"Motorcycles, auto cycles, etc.& side cars",522,Non-industrial
73311,"Cycles, not motorized",522,Non-industrial
7334,Invalid carriages,522,Non-industrial
